,City,Cloudiness,Country,Date,Humidity,Lat,Lng,Max Temp,Wind Speed
0,Oranjestad,40,AW,2019-09-29,79,12.52,-70.03,84.2,13.87
1,Sitka,15,US,2019-09-29,91,37.17,-99.65,72.0,13.0
2,Punta Arenas,75,CL,2019-09-29,77,-53.16,-70.91,35.6,9.17
3,Barrow,0,AR,2019-09-29,72,-38.31,-60.23,63.23,13.06
4,Chokurdakh,95,RU,2019-09-29,97,70.62,147.9,27.59,5.64
5,Marawi,100,PH,2019-09-29,91,8.0,124.29,75.0,4.0
6,Puerto Narino,75,CO,2019-09-29,100,-3.77,-70.38,75.2,4.7
7,Ostrovnoy,100,RU,2019-09-29,84,68.05,39.51,45.77,17.72
8,Ribeira Grande,75,PT,2019-09-29,94,38.52,-28.7,71.6,12.75
9,Marabba,33,SD,2019-09-29,29,12.35,32.18,98.51,10.87
10,Lorengau,43,PG,2019-09-29,78,-2.02,147.27,78.89,2.51
11,Vaini,20,IN,2019-09-29,69,15.34,74.49,84.2,4.7
12,Rikitea,38,PF,2019-09-29,78,-23.12,-134.97,71.33,10.51
13,Bulgan,47,MN,2019-09-29,60,48.81,103.53,51.53,4.38
14,Kiunga,84,PG,2019-09-29,98,-6.12,141.3,73.67,3.96
15,Klaksvik,100,FO,2019-09-29,81,62.23,-6.59,50.0,11.41
16,Kingaroy,15,AU,2019-09-29,48,-26.54,151.84,68.0,2.24
17,Saskylakh,1,RU,2019-09-29,88,71.97,114.09,22.91,1.01
18,San Policarpo,100,PH,2019-09-29,84,12.18,125.51,81.41,6.42
19,Payakumbuh,99,ID,2019-09-29,94,-0.23,100.63,69.17,1.39
20,Port Lincoln,56,AU,2019-09-29,75,-34.72,135.86,55.49,19.6
21,Tuktoyaktuk,0,CA,2019-09-29,72,69.44,-133.03,37.31,11.56
22,Porkhov,75,RU,2019-09-29,82,57.77,29.55,57.2,6.71
23,Coihaique,90,CL,2019-09-29,65,-45.58,-72.07,41.0,6.93
24,Moratuwa,100,LK,2019-09-29,71,6.77,79.88,81.95,4.0
25,Albany,75,US,2019-09-29,67,42.65,-73.75,64.0,8.05
26,New Norfolk,75,AU,2019-09-29,61,-42.78,147.06,46.4,12.75
27,Gigmoto,100,PH,2019-09-29,74,13.78,124.39,83.57,18.01
28,Pouebo,74,NC,2019-09-29,86,-20.4,164.57,66.47,2.17
29,Sao Jose da Coroa Grande,68,BR,2019-09-29,68,-8.9,-35.15,77.45,7.54
30,Lazaro Cardenas,8,MX,2019-09-29,77,28.39,-105.62,64.0,4.14
31,Yellowknife,40,CA,2019-09-29,64,62.45,-114.38,37.4,3.36
32,Mataura,86,NZ,2019-09-29,75,-46.19,168.86,50.0,3.0
33,Dingle,81,PH,2019-09-29,81,11.0,122.67,75.29,3.27
34,Fairbanks,90,US,2019-09-29,62,64.84,-147.72,44.01,8.05
35,Acapulco,100,MX,2019-09-29,97,16.86,-99.88,74.57,8.66
36,Joshimath,62,IN,2019-09-29,93,30.57,79.57,52.43,2.01
37,Nelson Bay,5,AU,2019-09-29,82,-32.72,152.14,63.0,6.93
38,Coquimbo,90,CL,2019-09-29,87,-29.95,-71.34,53.6,6.93
39,Bredasdorp,100,ZA,2019-09-29,72,-34.53,20.04,60.8,11.41
40,Jamestown,50,AU,2019-09-29,89,-33.21,138.6,48.11,5.68
41,Atuona,13,PF,2019-09-29,79,-9.8,-139.03,79.07,14.72
42,Saint-Augustin,20,CA,2019-09-29,81,45.63,-73.98,51.01,5.82
43,Cedar City,40,US,2019-09-29,66,37.68,-113.06,53.6,23.04
44,Manadhoo,100,MV,2019-09-29,64,5.77,73.38,80.87,2.93
45,Pisco,90,PE,2019-09-29,30,-13.71,-76.2,71.6,3.36
46,Castro,0,CL,2019-09-29,87,-42.48,-73.76,44.6,8.05
47,Chuy,4,UY,2019-09-29,83,-33.69,-53.46,59.81,8.84
48,Norsup,0,VU,2019-09-29,94,-16.07,167.38,77.0,8.05
49,Bluff,58,AU,2019-09-29,45,-23.58,149.07,72.77,6.02
50,Dondo,0,MZ,2019-09-29,30,-19.62,34.74,84.2,16.11
51,Zyryanka,100,RU,2019-09-29,76,65.73,150.89,29.03,8.68
52,Sorland,75,NO,2019-09-29,86,67.67,12.69,41.0,3.36
53,Sapernoye,96,RU,2019-09-29,85,60.72,29.95,53.01,6.15
54,Klyuchevskiy,26,RU,2019-09-29,81,53.53,119.45,38.39,4.43
55,Coihueco,90,CL,2019-09-29,100,-36.63,-71.83,55.0,2.24
56,Busselton,0,AU,2019-09-29,55,-33.64,115.35,64.99,9.28
57,Cherskiy,100,RU,2019-09-29,80,68.75,161.3,31.73,6.93
58,Faanui,28,PF,2019-09-29,84,-16.48,-151.75,77.81,20.02
59,Colares,20,PT,2019-09-29,64,38.8,-9.45,77.0,14.99
60,Tignere,100,CM,2019-09-29,76,7.37,12.65,76.91,5.21
61,Maltahohe,0,NA,2019-09-29,19,-24.83,16.98,73.85,21.88
62,Mar del Plata,0,AR,2019-09-29,34,-46.43,-67.52,46.49,35.72
63,Saint-Philippe,1,CA,2019-09-29,71,45.36,-73.48,51.01,3.36
64,Baykit,100,RU,2019-09-29,88,61.68,96.39,26.15,1.63
65,Hermanus,100,ZA,2019-09-29,99,-34.42,19.24,66.0,10.0
66,Airai,91,TL,2019-09-29,80,-8.93,125.41,71.33,4.79
67,Upata,100,VE,2019-09-29,78,8.02,-62.41,82.0,3.83
68,Husavik,100,CA,2019-09-29,87,50.56,-96.99,42.01,5.99
69,Avarua,100,CK,2019-09-29,83,-21.21,-159.78,69.8,6.93
70,Geraldton,75,CA,2019-09-29,92,49.72,-86.95,30.2,1.28
71,Novikovo,100,RU,2019-09-29,77,51.15,37.89,54.77,11.07
72,Port Alfred,100,ZA,2019-09-29,87,-33.59,26.89,69.01,7.0
73,Cape Town,75,ZA,2019-09-29,68,-33.93,18.42,66.0,31.09
74,Longyearbyen,75,NO,2019-09-29,76,78.22,15.63,32.0,18.34
75,Boa Vista,75,BR,2019-09-29,74,2.82,-60.67,80.6,4.7
76,Lagoa,0,PT,2019-09-29,73,37.14,-8.45,78.01,9.17
77,Taos,1,US,2019-09-29,62,36.41,-105.57,51.8,18.34
78,Manaus,40,BR,2019-09-29,83,-3.13,-59.98,82.4,2.24
79,Castro-Urdiales,0,ES,2019-09-29,30,43.38,-3.22,82.99,4.7
80,Portland,1,US,2019-09-29,72,43.66,-70.25,66.0,5.82
81,Kapaa,20,US,2019-09-29,78,22.08,-159.32,80.6,11.41
82,Batesville,40,US,2019-09-29,83,35.77,-91.64,73.4,5.82
83,Adrar,30,DZ,2019-09-29,9,27.87,-0.29,105.8,16.11
84,Aitape,1,PG,2019-09-29,79,-3.15,142.36,78.71,3.47
85,Half Moon Bay,1,US,2019-09-29,87,37.46,-122.43,54.0,10.29
86,Sambava,69,MG,2019-09-29,63,-14.27,50.17,80.33,6.26
87,Ushuaia,75,AR,2019-09-29,86,-54.81,-68.31,39.2,5.23
88,Hirara,41,JP,2019-09-29,89,24.8,125.28,82.13,17.25
89,Singaraja,33,ID,2019-09-29,77,-8.11,115.08,80.69,3.11
90,Georgetown,20,GY,2019-09-29,79,6.8,-58.16,84.2,6.93
91,Bundaberg,49,AU,2019-09-29,83,-24.87,152.35,73.0,12.75
92,Pringsewu,28,ID,2019-09-29,90,-5.36,104.98,73.67,5.08
93,Cidreira,8,BR,2019-09-29,73,-30.17,-50.22,66.47,12.55
94,Haines Junction,84,CA,2019-09-29,55,60.75,-137.51,27.95,3.67
95,Pirapo,0,PY,2019-09-29,57,-26.85,-55.53,75.2,5.82
96,Dikson,69,RU,2019-09-29,77,73.51,80.55,32.99,3.49
97,Pangody,95,RU,2019-09-29,73,65.85,74.49,34.07,4.99
98,Norman Wells,75,CA,2019-09-29,86,65.28,-126.83,33.8,5.82
99,Cabo San Lucas,5,MX,2019-09-29,78,22.89,-109.91,75.99,17.22
100,Sorong,55,ID,2019-09-29,93,-0.86,131.25,74.93,3.89
101,Praya,75,ID,2019-09-29,78,-8.71,116.27,78.8,10.29
102,Bethel,90,US,2019-09-29,100,60.79,-161.76,48.2,4.7
103,Roebourne,0,AU,2019-09-29,38,-20.77,117.15,73.49,10.4
104,Iqaluit,90,CA,2019-09-29,100,63.75,-68.52,35.6,6.22
105,Puerto Ayora,90,EC,2019-09-29,73,-0.74,-90.35,71.6,8.05
106,Muyezerskiy,100,RU,2019-09-29,83,63.93,31.65,47.57,11.03
107,Lompoc,1,US,2019-09-29,93,34.64,-120.46,48.99,17.02
108,Qaanaaq,0,GL,2019-09-29,58,77.48,-69.36,32.45,11.01
109,Narsaq,75,GL,2019-09-29,26,60.91,-46.05,55.4,19.46
110,Beringovskiy,97,RU,2019-09-29,81,63.05,179.32,35.33,6.04
111,Baherden,46,TM,2019-09-29,41,38.44,57.43,69.35,11.83
112,Kyaikkami,0,MM,2019-09-29,76,16.08,97.57,84.65,9.91
113,Port Elizabeth,1,US,2019-09-29,88,39.31,-74.98,75.0,6.93
114,Severo-Yeniseyskiy,96,RU,2019-09-29,89,60.37,93.04,29.39,1.95
115,King City,75,CA,2019-09-29,81,43.93,-79.54,55.99,14.99
116,Toamasina,40,MG,2019-09-29,69,-18.17,49.38,80.6,9.17
117,Pangkalanbuun,63,ID,2019-09-29,82,-2.68,111.62,77.99,4.29
118,Hilo,90,US,2019-09-29,78,19.71,-155.08,78.8,5.82
119,Arraial do Cabo,90,BR,2019-09-29,88,-22.97,-42.02,68.0,8.05
120,Asosa,67,ET,2019-09-29,89,10.07,34.53,74.93,2.98
121,Campbell River,20,CA,2019-09-29,37,50.02,-125.24,50.0,11.41
122,Whitecourt,75,CA,2019-09-29,86,54.14,-115.68,28.4,6.93
123,Vanimo,14,PG,2019-09-29,70,-2.67,141.3,83.57,7.65
124,Novoagansk,86,RU,2019-09-29,73,61.94,76.66,36.41,3.6
125,Harper,75,US,2019-09-29,88,30.3,-99.24,75.0,11.41
126,Clyde River,90,CA,2019-09-29,100,70.47,-68.59,35.6,2.24
127,Hirado,90,JP,2019-09-29,100,33.32,129.49,75.2,2.24
128,Mulki,20,PL,2019-09-29,52,49.81,20.51,69.01,19.46
129,Margate,75,AU,2019-09-29,61,-43.03,147.26,46.4,12.75
130,Nanortalik,8,GL,2019-09-29,60,60.14,-45.24,42.17,1.9
131,Nikolskoye,90,RU,2019-09-29,87,59.7,30.79,53.01,11.18
132,Luderitz,68,NA,2019-09-29,86,-26.65,15.16,57.11,16.75
133,Troitskoye,99,RU,2019-09-29,57,52.98,84.68,46.67,8.08
134,Sao Filipe,75,CV,2019-09-29,78,14.9,-24.5,78.53,11.25
135,Pachino,0,IT,2019-09-29,39,36.72,15.09,82.4,8.05
136,Touros,75,BR,2019-09-29,58,-5.2,-35.46,82.4,16.11
137,Ilulissat,75,GL,2019-09-29,74,69.22,-51.1,35.6,3.36
138,Reconquista,0,AR,2019-09-29,62,-29.14,-59.64,73.13,10.92
139,Thompson,75,CA,2019-09-29,92,55.74,-97.86,26.6,2.24
140,Victoria,75,BN,2019-09-29,88,5.28,115.24,84.2,4.7
141,Krizevci,20,HR,2019-09-29,77,46.02,16.54,70.0,2.24
142,Dongsheng,0,CN,2019-09-29,45,29.72,112.52,77.45,2.08
143,Chekmagush,95,RU,2019-09-29,70,55.14,54.65,41.99,6.15
144,Tessalit,59,ML,2019-09-29,8,20.2,1.01,105.71,9.26
145,Kidal,8,ML,2019-09-29,7,18.44,1.41,103.19,2.84
146,Stolin,46,BY,2019-09-29,66,51.89,26.85,63.41,14.2
147,Shushtar,0,IR,2019-09-29,6,32.05,48.86,112.55,14.65
148,Khatanga,45,RU,2019-09-29,75,71.98,102.47,27.59,6.89
149,College,90,US,2019-09-29,62,64.86,-147.8,46.4,8.05
150,Veraval,90,FR,2019-09-29,77,49.65,0.71,68.0,25.28
151,Matamoros,40,US,2019-09-29,83,25.87,-97.51,84.0,9.17
152,Necochea,0,AR,2019-09-29,25,-38.55,-58.74,71.01,7.0
153,Provideniya,75,RU,2019-09-29,95,64.42,-173.23,35.87,3.38
154,Muravlenko,97,RU,2019-09-29,63,63.79,74.5,35.69,1.61
155,East London,0,ZA,2019-09-29,60,-33.02,27.91,75.2,17.22
156,Ponta do Sol,34,BR,2019-09-29,70,-20.63,-46.0,70.79,4.21
157,Lebanon,1,US,2019-09-29,83,40.34,-76.42,71.6,5.82
158,Tilichiki,72,RU,2019-09-29,75,60.47,166.1,31.73,2.57
159,Mazatlan,40,MX,2019-09-29,94,23.22,-106.42,81.0,1.77
160,Shubarshi,3,KZ,2019-09-29,32,48.59,57.19,54.41,8.93
161,Hay River,20,CA,2019-09-29,68,60.82,-115.79,30.2,8.05
162,Te Anau,65,NZ,2019-09-29,82,-45.41,167.72,42.89,9.01
163,Contamana,64,PE,2019-09-29,77,-7.35,-75.01,75.65,1.5
164,Hasaki,75,JP,2019-09-29,94,35.73,140.83,75.2,1.12
165,Kodiak,90,US,2019-09-29,100,39.95,-94.76,71.01,16.11
166,Butaritari,88,KI,2019-09-29,64,3.07,172.79,85.55,9.17
167,Brae,93,GB,2019-09-29,87,60.4,-1.35,55.4,12.75
168,Ngong,40,KE,2019-09-29,32,-1.37,36.65,82.4,11.41
169,Tadine,51,NC,2019-09-29,84,-21.55,167.88,72.59,4.94
170,Sioux Lookout,75,CA,2019-09-29,79,50.1,-91.92,39.2,5.82
171,Souillac,90,FR,2019-09-29,82,45.6,-0.6,69.01,18.34
172,Calama,0,CL,2019-09-29,23,-22.46,-68.93,54.0,13.87
173,Pemberton,1,AU,2019-09-29,81,-34.44,116.03,64.99,1.45
174,Saint-Gabriel,1,CA,2019-09-29,81,46.3,-73.38,45.0,5.82
175,Russell,40,US,2019-09-29,94,38.9,-98.86,71.01,14.99
176,Hobart,75,AU,2019-09-29,93,-42.88,147.33,48.2,9.17
177,Omboue,100,GA,2019-09-29,84,-1.57,9.26,76.91,11.18
178,Fortuna,75,US,2019-09-29,100,40.6,-124.16,48.0,6.93
179,Bonthe,67,SL,2019-09-29,77,7.53,-12.5,81.05,8.77
180,Praia,75,BR,2019-09-29,69,-20.25,-43.81,73.4,6.93
181,Tasiilaq,5,GL,2019-09-29,65,65.61,-37.64,41.0,8.05
182,Grand Island,90,US,2019-09-29,93,40.92,-98.34,64.4,10.29
183,Tiksi,26,RU,2019-09-29,92,71.64,128.87,26.15,5.23
184,Boyolangu,5,ID,2019-09-29,84,-8.09,111.9,69.89,5.57
185,Pacific Grove,0,US,2019-09-29,81,36.62,-121.92,54.0,21.9
186,Kruisfontein,100,ZA,2019-09-29,65,-34.0,24.73,68.99,11.86
187,Bara,97,NG,2019-09-29,63,10.41,10.6,85.01,11.56
188,Rundu,92,NA,2019-09-29,4,-17.91,19.77,92.75,8.61
189,Zapolyarnyy,75,RU,2019-09-29,86,69.43,30.82,37.4,23.04
190,Komsomolskiy,100,RU,2019-09-29,97,67.55,63.78,31.73,14.92
191,Abalak,46,NE,2019-09-29,13,15.46,6.28,100.67,5.86
192,Isangel,40,VU,2019-09-29,88,-19.55,169.27,71.6,12.28
193,Poum,20,MK,2019-09-29,56,41.28,20.71,71.6,4.7
194,Bandarbeyla,34,SO,2019-09-29,52,9.49,50.81,86.27,22.3
195,Pevek,100,RU,2019-09-29,89,69.7,170.27,33.17,28.43
196,Encs,20,HU,2019-09-29,59,48.33,21.12,66.2,10.29
197,Beloha,0,MG,2019-09-29,48,-25.17,45.06,79.07,15.17
198,Mehamn,96,NO,2019-09-29,68,71.03,27.85,36.23,8.86
199,Phalombe,11,MW,2019-09-29,19,-15.81,35.65,88.61,3.94
200,San Cristobal,87,HN,2019-09-29,94,14.68,-86.92,65.03,2.06
201,Goundam,0,ML,2019-09-29,18,16.42,-3.66,102.47,9.73
202,Tateyama,75,JP,2019-09-29,69,36.66,137.31,73.99,2.24
203,Road Town,20,VG,2019-09-29,70,18.42,-64.62,86.0,5.82
204,Saint Anthony,90,US,2019-09-29,93,43.97,-111.68,36.0,6.93
205,Sulmona,0,IT,2019-09-29,73,42.05,13.93,81.0,10.29
206,Belaya Gora,100,RU,2019-09-29,78,68.54,146.19,29.21,3.53
207,Workington,100,GB,2019-09-29,96,54.64,-3.55,57.99,5.99
208,San Rafael,0,AR,2019-09-29,24,-34.61,-68.33,66.47,7.16
209,Seredeyskiy,99,RU,2019-09-29,95,54.05,35.23,50.99,5.77
210,Camocim,100,BR,2019-09-29,53,-2.9,-40.84,84.47,10.87
211,Kalmunai,100,LK,2019-09-29,81,7.42,81.82,77.81,3.18
212,Severo-Kurilsk,65,RU,2019-09-29,83,50.68,156.12,50.81,6.62
213,Temir,25,KZ,2019-09-29,37,49.14,57.13,50.63,8.12
214,Grootfontein,0,NA,2019-09-29,5,-19.56,18.1,87.8,4.7
215,Ginda,75,IN,2019-09-29,88,30.69,78.49,77.0,3.36
216,Avera,1,US,2019-09-29,94,33.19,-82.53,73.99,1.45
217,Cervo,75,BR,2019-09-29,82,-22.19,-46.24,66.2,8.68
218,Lebu,75,ET,2019-09-29,64,8.96,38.73,68.0,9.17
219,Buala,95,SB,2019-09-29,82,-8.15,159.59,81.23,12.37
220,Bilibino,65,RU,2019-09-29,96,68.06,166.44,17.69,6.38
221,Kaitangata,97,NZ,2019-09-29,83,-46.28,169.85,48.99,1.99
222,Safranbolu,20,TR,2019-09-29,64,41.25,32.69,73.4,11.41
223,Muros,75,ES,2019-09-29,100,42.77,-9.06,73.0,10.29
224,Saint George,20,GR,2019-09-29,54,39.45,22.34,86.0,10.29
225,Cap Malheureux,20,MU,2019-09-29,69,-19.98,57.61,77.0,12.75
226,Sept-Iles,20,CA,2019-09-29,65,50.2,-66.38,48.99,8.05
227,Mahebourg,20,MU,2019-09-29,69,-20.41,57.7,77.0,12.75
228,Makakilo City,75,US,2019-09-29,69,21.35,-158.09,80.6,5.82
229,The Pas,90,CA,2019-09-29,82,53.82,-101.24,32.0,2.24
230,Hithadhoo,83,MV,2019-09-29,73,-0.6,73.08,81.41,10.96
231,Nieuw Nickerie,66,SR,2019-09-29,81,5.94,-56.99,79.43,12.06
232,Shakawe,64,BW,2019-09-29,4,-18.36,21.84,95.09,6.49
233,Gizo,40,IL,2019-09-29,58,31.8,34.94,84.99,11.41
234,Rameshki,85,RU,2019-09-29,93,57.35,36.05,46.13,9.1
235,Sao Gabriel da Cachoeira,0,BR,2019-09-29,88,-0.13,-67.09,77.0,1.12
236,Beirut,75,LB,2019-09-29,65,33.9,35.48,82.4,6.93
237,Upernavik,17,GL,2019-09-29,61,72.79,-56.15,39.65,9.33
238,Kenai,90,US,2019-09-29,87,60.55,-151.26,48.99,8.05
239,Lasa,20,CY,2019-09-29,69,34.92,32.53,82.4,11.41
240,Vardo,1,US,2019-09-29,78,39.62,-77.74,73.4,9.17
241,Rome,40,IT,2019-09-29,57,41.89,12.48,81.0,9.17
242,Deputatskiy,91,RU,2019-09-29,95,69.3,139.9,17.87,2.59
243,Alofi,30,NU,2019-09-29,94,-19.06,-169.92,71.6,11.41
244,Yulara,64,AU,2019-09-29,16,-25.24,130.99,75.2,2.24
245,Toora-Khem,100,RU,2019-09-29,97,52.47,96.11,37.49,2.98
246,Sete,100,NP,2019-09-29,95,27.58,86.44,61.07,2.01
247,Hamilton,75,CA,2019-09-29,93,43.26,-79.87,57.99,12.75
248,Meulaboh,97,ID,2019-09-29,84,4.14,96.13,78.35,5.88
249,Mamakan,100,RU,2019-09-29,99,57.82,114.02,36.41,2.26
250,Rameswaram,100,IN,2019-09-29,70,9.28,79.3,84.11,10.56
251,Ruffano,20,IT,2019-09-29,88,39.98,18.25,84.2,5.82
252,Ilo,47,PE,2019-09-29,83,-17.65,-71.34,59.09,4.38
253,Grindavik,20,IS,2019-09-29,66,63.84,-22.43,50.0,4.7
254,Ust-Maya,31,RU,2019-09-29,81,60.42,134.54,29.93,6.98
255,Jertih,75,MY,2019-09-29,83,5.74,102.5,84.2,5.82
256,Choix,0,MX,2019-09-29,63,26.71,-108.33,67.19,5.91
257,Shimoda,75,JP,2019-09-29,100,34.7,138.93,75.2,3.36
258,Lixourion,20,GR,2019-09-29,74,38.2,20.43,82.4,10.29
259,Iquique,0,CL,2019-09-29,63,-20.22,-70.14,62.6,3.36
260,Bathsheba,40,BB,2019-09-29,70,13.22,-59.52,86.0,11.41
261,Aklavik,5,CA,2019-09-29,86,68.22,-135.01,30.2,3.36
262,Salalah,40,OM,2019-09-29,74,17.01,54.1,84.2,17.22
263,Nalut,0,LY,2019-09-29,33,31.86,10.98,83.93,9.89
264,Ahuimanu,20,US,2019-09-29,74,21.44,-157.84,80.6,9.17
265,Ulagan,99,RU,2019-09-29,84,50.63,87.96,35.33,3.15
266,Grand Gaube,20,MU,2019-09-29,69,-20.01,57.66,77.0,12.75
267,Paamiut,91,GL,2019-09-29,82,61.99,-49.67,42.35,7.78
268,Manono,14,CD,2019-09-29,19,-7.3,27.4,109.31,0.22
269,Wynyard,54,AU,2019-09-29,73,-40.99,145.73,42.71,4.41
270,Katsuura,75,JP,2019-09-29,83,33.93,134.5,78.8,2.24
271,Shimabara,75,JP,2019-09-29,100,32.79,130.33,75.99,1.12
272,Maun,0,BW,2019-09-29,8,-19.99,23.42,91.4,5.82
273,Udachnyy,90,RU,2019-09-29,69,66.42,112.4,33.8,6.71
274,Bilma,0,NE,2019-09-29,7,18.69,12.92,104.45,13.04
275,Ancud,0,CL,2019-09-29,87,-41.87,-73.83,44.6,8.05
276,Cali,75,CO,2019-09-29,88,3.43,-76.51,69.8,3.36
277,Talara,34,PE,2019-09-29,87,-4.58,-81.27,64.85,18.05
278,Saldanha,10,PT,2019-09-29,26,41.42,-6.55,73.85,4.21
279,Balaka,0,MW,2019-09-29,12,-14.99,34.96,90.77,4.0
280,Itoman,90,JP,2019-09-29,94,26.12,127.67,84.2,10.29
281,Goalpara,100,IN,2019-09-29,95,26.18,90.62,70.61,2.33
282,Rosarito,75,CO,2019-09-29,87,4.91,-75.23,69.8,3.36
283,Morondava,0,MG,2019-09-29,68,-20.3,44.28,74.03,9.98
284,Ambatofinandrahana,43,MG,2019-09-29,49,-20.55,46.8,73.49,15.39
285,Kahului,75,US,2019-09-29,69,20.89,-156.47,78.8,10.29
286,Cockburn Town,79,TC,2019-09-29,73,21.46,-71.14,83.57,5.48
287,Soto la Marina,100,MX,2019-09-29,93,23.77,-98.21,74.57,3.44
288,Manokwari,80,ID,2019-09-29,86,-0.87,134.08,72.95,3.65
289,Rio Gallegos,75,AR,2019-09-29,69,-51.62,-69.22,39.2,10.29
290,Constitucion,78,MX,2019-09-29,86,23.99,-104.67,59.0,6.13
291,Mukhtolovo,91,RU,2019-09-29,62,55.47,43.2,53.51,7.7
292,Bam,81,IR,2019-09-29,19,29.11,58.36,76.73,4.92
293,Petropavlovsk-Kamchatskiy,20,RU,2019-09-29,93,53.05,158.65,41.0,1.21
294,Tabou,91,CI,2019-09-29,72,4.42,-7.36,83.93,4.65
295,Torbay,90,CA,2019-09-29,87,47.66,-52.73,53.01,6.93
296,Ust-Nera,100,RU,2019-09-29,95,64.57,143.24,20.21,6.69
297,Talnakh,75,RU,2019-09-29,97,69.49,88.39,32.0,6.71
298,Macau,73,BR,2019-09-29,54,-5.11,-36.64,82.85,15.21
299,Linxia,31,CN,2019-09-29,38,35.6,103.21,59.27,5.26
300,Baracoa,17,CU,2019-09-29,79,20.35,-74.5,81.77,5.01
301,Ryotsu,59,JP,2019-09-29,100,38.08,138.43,69.8,2.24
302,Caravelas,99,BR,2019-09-29,86,-17.73,-39.27,73.31,10.87
303,Hami,0,CN,2019-09-29,18,42.84,93.51,75.83,4.74
304,Luanda,75,AO,2019-09-29,78,-8.83,13.24,78.8,8.05
305,Gat,40,SN,2019-09-29,66,14.69,-16.54,87.8,10.29
306,Yeppoon,40,AU,2019-09-29,53,-23.13,150.74,73.4,5.82
307,Puerto Madryn,50,AR,2019-09-29,30,-42.77,-65.04,62.33,14.9
308,Lata,100,IN,2019-09-29,90,30.78,78.62,39.65,1.99
309,Ishigaki,69,JP,2019-09-29,88,24.34,124.16,82.13,16.84
310,Biak,95,ID,2019-09-29,98,-0.91,122.88,64.13,3.96
311,Ruteng,58,ID,2019-09-29,80,-8.61,120.46,73.67,2.53
312,Senanga,1,ZM,2019-09-29,5,-16.1,23.3,98.69,5.39
313,Les Cayes,79,HT,2019-09-29,77,18.19,-73.75,81.77,4.54
314,Egvekinot,68,RU,2019-09-29,93,66.32,-179.17,33.17,5.21
315,Muisne,75,EC,2019-09-29,88,0.61,-80.02,75.2,8.05
316,Hambantota,40,LK,2019-09-29,88,6.12,81.12,80.6,3.36
317,Nome,1,US,2019-09-29,83,30.04,-94.42,80.01,3.36
318,Yumen,32,CN,2019-09-29,11,40.29,97.04,74.93,4.97
319,San Carlos de Bariloche,75,AR,2019-09-29,94,-41.13,-71.31,44.6,20.8
320,Bambous Virieux,20,MU,2019-09-29,69,-20.34,57.76,77.0,12.75
321,Vrises,0,GR,2019-09-29,51,35.49,23.89,86.0,6.93
322,Vila Velha,40,BR,2019-09-29,58,-3.71,-38.6,86.0,19.46
323,Dalby,45,AU,2019-09-29,31,-27.18,151.26,64.0,9.69
324,Najran,40,SA,2019-09-29,29,17.54,44.22,91.4,4.7
325,Santa Rosalia,20,IT,2019-09-29,69,38.07,13.27,81.0,10.29
326,Aginskoye,100,RU,2019-09-29,49,51.11,114.54,49.73,9.78
327,Savannah Bight,33,HN,2019-09-29,75,16.45,-85.85,85.01,21.45
328,Blackwater,75,GB,2019-09-29,82,51.33,-0.78,66.99,18.34
329,Svetlaya,27,RU,2019-09-29,79,46.54,138.33,48.65,5.75
330,San Zenon,73,CO,2019-09-29,96,9.24,-74.5,75.83,4.76
331,Coahuayana,89,MX,2019-09-29,98,18.62,-100.35,70.25,3.78
332,Kindu,100,CD,2019-09-29,77,-2.95,25.92,78.89,6.17
333,Flinders,90,AU,2019-09-29,76,-34.58,150.85,62.01,3.36
334,Togur,100,RU,2019-09-29,89,58.36,82.83,39.47,8.1
335,Piacabucu,41,BR,2019-09-29,67,-10.41,-36.43,80.87,11.68
336,Mackay,75,CA,2019-09-29,86,53.65,-115.58,28.4,6.93
337,Alice Springs,0,AU,2019-09-29,18,-23.7,133.88,73.4,6.93
338,Semey,75,KZ,2019-09-29,48,50.41,80.25,48.2,13.42
339,Umea,75,SE,2019-09-29,93,63.83,20.26,53.6,5.82
340,Ketchikan,1,US,2019-09-29,93,55.34,-131.65,48.2,7.05
341,Sinnamary,2,GF,2019-09-29,79,5.38,-52.96,82.31,13.44
342,Weiser,90,US,2019-09-29,56,44.25,-116.97,42.8,10.29
343,Canberra,27,AU,2019-09-29,87,-35.3,149.1,51.01,6.93
344,Price,1,US,2019-09-29,76,39.6,-110.81,53.6,12.75
345,Hovd,75,NO,2019-09-29,87,63.83,10.7,52.0,11.41
346,Owando,81,CG,2019-09-29,52,-0.49,15.91,87.89,6.46
347,Vila,75,IT,2019-09-29,69,45.18,8.4,79.0,5.82
348,Banamba,4,ML,2019-09-29,38,13.55,-7.45,93.83,6.42
349,Aswan,0,EG,2019-09-29,7,24.09,32.9,102.11,12.35
350,Khanpur,36,PK,2019-09-29,25,28.65,70.66,101.57,8.23
351,Cayenne,75,GF,2019-09-29,70,4.94,-52.33,86.0,5.82
352,Bozova,0,TR,2019-09-29,26,37.36,38.53,86.0,11.41
353,Viransehir,0,TR,2019-09-29,16,37.24,39.76,86.99,9.66
354,San Patricio,0,PY,2019-09-29,54,-26.98,-56.83,75.83,4.23
355,Rzhaksa,49,RU,2019-09-29,50,52.14,42.03,58.73,10.4
356,Whitehorse,40,CA,2019-09-29,74,60.72,-135.06,33.8,17.22
357,Padang,82,ID,2019-09-29,83,-0.92,100.36,79.79,13.38
358,Pontalina,14,BR,2019-09-29,41,-17.52,-49.45,83.93,5.84
359,Sandane,75,NO,2019-09-29,71,61.77,6.22,54.0,6.93
360,Brunswick,40,DE,2019-09-29,77,52.26,10.53,64.0,9.17
361,Atasu,100,KZ,2019-09-29,36,48.68,71.64,43.61,13.42
362,Maryborough,49,AU,2019-09-29,96,-25.54,152.7,62.87,2.44
363,Inuvik,5,CA,2019-09-29,86,68.36,-133.71,30.2,3.36
364,Suntar,100,RU,2019-09-29,71,62.16,117.65,35.69,6.89
365,Marzuq,67,YE,2019-09-29,26,14.4,46.47,86.99,10.85
366,Tazovskiy,99,RU,2019-09-29,90,67.47,78.7,33.17,5.41
367,Orsha,90,BY,2019-09-29,82,54.51,30.43,57.2,6.71
368,Tiznit,2,MA,2019-09-29,68,29.7,-9.73,72.59,11.56
369,Gushikawa,90,JP,2019-09-29,94,26.35,127.87,84.2,10.29
370,Solwezi,57,ZM,2019-09-29,10,-12.18,26.4,97.61,4.05
371,Khash,34,IR,2019-09-29,6,28.22,61.21,87.17,4.0
372,Dakar,40,SN,2019-09-29,66,14.69,-17.45,86.0,10.29
373,El Alto,20,BO,2019-09-29,75,-16.5,-68.19,42.8,2.24
374,Sungairaya,100,ID,2019-09-29,67,0.7,108.9,83.75,1.77
375,La Ronge,20,CA,2019-09-29,92,55.1,-105.3,26.6,4.7
376,Tezu,86,IN,2019-09-29,94,27.93,96.16,70.61,1.79
377,Kharp,100,RU,2019-09-29,95,66.82,65.8,27.59,7.76
378,Tecpan,40,GT,2019-09-29,93,14.76,-90.99,62.6,6.93
379,Moyale,55,ET,2019-09-29,34,3.52,39.05,86.45,13.27
380,Atar,31,MR,2019-09-29,17,20.52,-13.05,101.75,5.88
381,Jimeta,99,NG,2019-09-29,71,9.28,12.44,80.33,9.55
382,Carnarvon,79,ZA,2019-09-29,25,-30.97,22.13,72.77,19.77
383,Bartica,40,GY,2019-09-29,83,6.41,-58.62,80.6,4.7
384,Guerrero Negro,0,MX,2019-09-29,85,27.97,-114.04,67.01,19.64
385,Rochegda,85,RU,2019-09-29,62,62.67,43.41,48.11,9.15
386,Scottsbluff,90,US,2019-09-29,100,41.87,-103.67,57.99,10.29
387,Ust-Barguzin,100,RU,2019-09-29,85,53.41,109.03,47.03,2.73
388,Komsomolsk,0,RU,2019-09-29,66,57.03,40.38,51.8,11.18
389,Kutum,68,SD,2019-09-29,24,14.2,24.66,90.77,18.48
390,Archidona,75,EC,2019-09-29,100,-0.91,-77.81,68.0,3.87
391,Icod de los Vinos,0,ES,2019-09-29,64,28.37,-16.71,80.6,5.82
392,Afyonkarahisar,0,TR,2019-09-29,26,38.76,30.53,72.77,2.86
393,Gornopravdinsk,66,RU,2019-09-29,80,60.06,69.92,35.51,4.03
394,Vytegra,56,RU,2019-09-29,72,61.01,36.45,52.43,13.02
395,Tuatapere,99,NZ,2019-09-29,75,-46.13,167.69,50.0,3.0
396,Bela,0,PK,2019-09-29,24,26.23,66.31,97.79,7.43
397,Ouallam,0,NE,2019-09-29,24,14.32,2.08,100.49,9.08
398,Kautokeino,100,NO,2019-09-29,94,69.01,23.04,33.35,16.49
399,Codrington,0,AU,2019-09-29,87,-28.95,153.24,60.8,4.5
400,Arinos,100,BR,2019-09-29,87,-15.92,-46.11,66.65,6.04
401,Itarema,98,BR,2019-09-29,59,-2.92,-39.92,81.59,10.49
402,Pictou,100,CA,2019-09-29,91,45.68,-62.71,61.0,11.99
403,Guilin,0,CN,2019-09-29,61,25.28,110.29,77.0,2.24
404,Godfrey,90,US,2019-09-29,100,38.96,-90.19,73.4,8.08
405,Whyalla,54,AU,2019-09-29,71,-33.04,137.58,57.2,11.41
406,Chino Valley,75,US,2019-09-29,67,34.76,-112.45,62.01,14.99
407,Aykhal,90,RU,2019-09-29,69,65.95,111.51,33.8,6.71
408,Gamba,100,CN,2019-09-29,58,28.28,88.52,41.63,9.13
409,Lavrentiya,35,RU,2019-09-29,94,65.58,-170.99,33.71,0.69
410,Esperance,0,AU,2019-09-29,87,-33.86,121.89,55.4,12.75
411,Ponta Delgada,40,PT,2019-09-29,88,37.73,-25.67,75.2,14.99
412,Seoul,1,KR,2019-09-29,100,37.57,126.98,69.8,8.61
413,Fort Nelson,20,CA,2019-09-29,92,58.81,-122.69,28.4,5.82
414,Avenal,1,US,2019-09-29,65,36.0,-120.13,48.2,6.93
415,Batagay,0,RU,2019-09-29,82,67.65,134.64,25.25,2.21
416,Nieves,77,MX,2019-09-29,93,24.0,-103.02,55.49,8.5
417,Terrace,5,CA,2019-09-29,74,54.52,-128.61,37.4,14.99
418,Moses Lake,90,US,2019-09-29,80,47.13,-119.28,39.2,17.22
419,Port Blair,7,IN,2019-09-29,77,11.67,92.75,83.75,5.61
420,Jalu,0,LY,2019-09-29,23,29.03,21.55,93.65,4.29
421,Emba,20,CY,2019-09-29,69,34.81,32.42,82.4,11.41
422,Skjervoy,75,NO,2019-09-29,65,70.03,20.97,41.0,10.29
423,Anchorage,90,US,2019-09-29,93,61.22,-149.89,48.99,10.29
424,Tuburan,75,PH,2019-09-29,74,10.73,123.82,86.0,10.29
425,Hervey Bay,49,AU,2019-09-29,83,-25.3,152.85,73.0,12.75
426,Oliveira,53,BR,2019-09-29,68,-20.7,-44.83,70.07,5.32
427,Srednekolymsk,57,RU,2019-09-29,83,67.46,153.71,26.51,3.78
428,Kathmandu,75,NP,2019-09-29,82,27.71,85.32,68.0,4.7
429,Vostok,17,RU,2019-09-29,82,46.45,135.83,41.63,4.09
430,Neuquen,0,AR,2019-09-29,44,-38.95,-68.06,57.2,8.05
431,Verkhnyaya Inta,100,RU,2019-09-29,96,65.99,60.32,39.65,10.63
432,Sattahip,20,TH,2019-09-29,74,12.67,100.9,91.0,4.7
433,Havoysund,75,NO,2019-09-29,74,71.0,24.66,37.4,14.99
434,Chegdomyn,26,RU,2019-09-29,92,51.13,133.04,35.15,1.45
435,Lima,90,PE,2019-09-29,87,-12.06,-77.04,60.8,10.29
436,Warrnambool,64,AU,2019-09-29,61,-38.38,142.48,53.01,5.01
437,Magaria,100,NE,2019-09-29,28,13.0,8.91,96.53,14.36
438,Opuwo,56,NA,2019-09-29,13,-18.06,13.84,90.59,14.12
439,Killorglin,75,IE,2019-09-29,82,52.1,-9.78,59.0,10.29
440,Kiama,90,AU,2019-09-29,76,-34.67,150.86,62.01,3.36
441,Plettenberg Bay,79,ZA,2019-09-29,88,-34.05,23.37,63.23,14.5
442,Turukhansk,99,RU,2019-09-29,93,65.8,87.96,31.91,2.28
443,Vuktyl,100,RU,2019-09-29,95,63.86,57.31,41.27,8.68
444,Azare,99,NG,2019-09-29,44,11.67,10.19,91.67,9.51
445,Kuching,75,MY,2019-09-29,88,1.56,110.34,80.6,1.12
446,Santa Cruz Cabralia,90,BR,2019-09-29,88,-16.28,-39.02,73.4,4.7
447,Leningradskiy,33,RU,2019-09-29,71,69.38,178.42,33.89,13.71
448,Khromtau,0,KZ,2019-09-29,42,50.26,58.44,45.95,8.21
449,Santa Vitoria do Palmar,2,BR,2019-09-29,84,-33.52,-53.37,60.35,7.92
450,Arman,100,RU,2019-09-29,94,59.7,150.17,32.09,9.13
451,East Peoria,90,US,2019-09-29,100,40.67,-89.58,68.0,10.67
452,Los Llanos de Aridane,40,ES,2019-09-29,65,28.66,-17.92,77.0,8.05
453,Popondetta,72,PG,2019-09-29,96,-8.77,148.24,66.11,1.61
454,Beryslav,87,UA,2019-09-29,55,46.84,33.42,71.15,15.84
455,Opelousas,1,US,2019-09-29,100,30.53,-92.08,75.0,5.26
456,Sisimiut,98,GL,2019-09-29,62,66.94,-53.67,43.61,8.3
457,Rabaul,67,PG,2019-09-29,77,-4.2,152.17,82.49,9.86
458,Joniskis,75,LT,2019-09-29,93,56.24,23.62,53.6,11.41
459,Novita,100,CO,2019-09-29,97,4.96,-76.61,73.67,0.76
460,Sola,50,TZ,2019-09-29,28,-3.17,33.8,91.67,3.76
461,Peniche,20,PT,2019-09-29,60,39.36,-9.38,75.0,11.41
462,Wagar,0,US,2019-09-29,94,31.44,-87.99,73.0,1.92
463,Merrill,75,US,2019-09-29,80,42.03,-121.6,33.8,6.93
464,Khandyga,25,RU,2019-09-29,66,62.65,135.58,31.55,5.19
465,Miandrivazo,40,MG,2019-09-29,21,-19.53,45.46,94.01,12.64
466,Rio Grande,90,BR,2019-09-29,72,-32.03,-52.1,68.0,11.41
467,Anaconda,90,US,2019-09-29,85,46.13,-112.94,24.8,8.05
468,Puerto Colombia,75,CO,2019-09-29,94,10.99,-74.96,82.0,8.05
469,Dauriya,75,RU,2019-09-29,32,49.93,116.85,48.65,10.49
470,Port-Gentil,90,GA,2019-09-29,88,-0.72,8.78,78.8,12.75
471,Nampula,20,MZ,2019-09-29,29,-15.12,39.26,91.4,5.82
472,Poso,88,ID,2019-09-29,97,-1.4,120.75,63.95,1.05
473,Leshukonskoye,100,RU,2019-09-29,86,64.9,45.76,42.71,9.26
474,Ha Giang,22,VN,2019-09-29,85,22.83,104.99,62.15,2.51
475,Qaqortoq,75,GL,2019-09-29,26,60.72,-46.03,55.4,19.46
476,Srivardhan,100,IN,2019-09-29,81,18.03,73.02,81.59,8.75
477,Murray Bridge,76,AU,2019-09-29,87,-35.12,139.28,54.0,3.29
478,Saint-Francois,0,FR,2019-09-29,28,46.42,3.91,82.4,13.87
479,Mulchen,90,CL,2019-09-29,100,-37.72,-72.23,41.0,1.95
480,Ingham,0,AU,2019-09-29,96,-18.65,146.16,63.05,1.3
481,Bonito,84,BR,2019-09-29,73,-1.36,-47.3,83.21,9.01
482,Flin Flon,20,CA,2019-09-29,92,54.77,-101.88,28.4,3.36
483,Bouca,86,CF,2019-09-29,72,6.51,18.28,84.11,2.64
484,Ngunguru,64,NZ,2019-09-29,84,-35.62,174.5,57.99,10.0
485,Paka,97,CF,2019-09-29,56,4.15,15.03,83.21,4.81
486,Labuhan,66,ID,2019-09-29,76,-2.54,115.51,77.81,2.95
487,Santo Domingo,75,DO,2019-09-29,94,18.48,-69.94,84.99,3.38
488,Maldonado,20,UY,2019-09-29,82,-34.91,-54.96,60.8,10.29
489,San Martin,0,US,2019-09-29,81,37.08,-121.61,50.0,2.37
490,Yar-Sale,94,RU,2019-09-29,70,66.83,70.83,34.25,9.89
491,Vila do Maio,3,CV,2019-09-29,72,15.13,-23.22,79.43,9.24
492,Iranshahr,20,IR,2019-09-29,16,27.21,60.69,107.6,13.87
493,Port-Cartier,20,CA,2019-09-29,65,50.03,-66.88,48.99,8.05
494,Nuuk,75,GL,2019-09-29,93,64.17,-51.74,41.0,6.93
495,Zharkent,74,KZ,2019-09-29,63,44.17,80.0,54.41,1.28
496,Nohfelden,75,DE,2019-09-29,72,49.59,7.14,66.99,16.11
497,Den Helder,75,NL,2019-09-29,93,52.96,4.76,61.0,20.8
498,Talcahuano,75,CL,2019-09-29,100,-36.72,-73.12,51.8,2.24
499,Balmazujvaros,0,HU,2019-09-29,46,47.62,21.35,71.6,9.17
